Symbol,Sector,Price,PE,PBV,Yield,ROE,DE,High_52W,Low_52W,RSI,Volume,Avg_Vol_10D,Sector_PE,Sector_ROE,Sector_Yield,DE_Score,Price_Position,RSI_Score,Relative_Quality_Score,PE_Score,ROE_Score,Yield_Score,Total_Score,Entry_Zone_Low,Entry_Zone_High,Exit_Zone_Low,Exit_Zone_High,Volume_Ratio,Stop_Loss,Upside_Pct,RRR,Recovery_Pct,Trend_Status,Rationale
BTG,Consumer Defensive,21.8,6.3005776,1.2958449,6.44,22.518,0.57853,25.5,15.4,33.33332485622398,8183259,5816545.9,10.0,16.869,5.26,100,63.366336633663366,100,90,100,100,100,90.66336633663366,15.4,16.17,24.735,25.5,1.4068932216283205,14.629999999999999,13.463302752293572,0.4093444909344488,0.0,Weak Trend ⚠️,"Cheaper than Consumer Defensive avg, Above sector profitability, Strong balance sheet, Technical entry point, High relative dividend"
SISB,Consumer Defensive,10.2,10.0,2.4285715,5.0,26.247,0.14468,19.6,9.35,28.571438302788536,1654700,1420370.0,10.0,16.869,5.26,100,8.292682926829263,100,70,100,100,70,90.17073170731707,9.35,9.8175,19.012,19.6,1.164978139498863,8.882499999999999,86.39215686274511,6.688425047438327,0.0,Bearish 📉,"Above sector profitability, Strong balance sheet, Technical entry point"
HMPRO,Consumer Cyclical,6.05,13.152174,3.0069582,7.21,22.728,0.98037,8.6,5.7,47.88718889795504,9042397,23793069.7,16.517857,9.386,3.77,100,12.068965517241368,70,90,70,100,100,88.29310344827587,5.7,5.985,8.341999999999999,8.6,0.38004331151940435,5.415,37.88429752066114,3.6094488188976372,0.0,Sideways ➡️,"Cheaper than Consumer Cyclical avg, Above sector profitability, Strong balance sheet, High relative dividend"
NSL,Consumer Defensive,21.8,10.845771,3.0027547,5.05,29.197,0.18821,36.0,21.1,38.46151588933549,229974,217457.4,10.0,16.869,5.26,100,4.697986577181204,70,70,100,100,100,87.53020134228188,21.1,22.155,34.92,36.0,1.0575588598042651,20.045,60.18348623853211,7.475783475783481,0.0,Bearish 📉,"Above sector profitability, Strong balance sheet, Within Entry Zone"
TTW,Utilities,9.15,11.158536,2.1916165,6.52,20.212,0.35826,9.5,8.5,40.0,2511519,1405951.9,13.9719445,6.29,5.175,100,65.00000000000003,70,90,100,100,100,87.5,8.5,8.925,9.215,9.5,1.7863477406303874,8.075,0.7103825136611968,0.060465116279069246,0.0,Weak Trend ⚠️,"Cheaper than Utilities avg, Above sector profitability, Strong balance sheet, High relative dividend"
TFG,Consumer Defensive,8.75,6.9444447,2.5369673,10.45,40.702,0.99804,9.65,4.14,49.09090593826782,15997482,17606818.2,10.0,16.869,5.26,100,83.66606170598911,70,90,100,100,100,85.63339382940109,4.14,4.3469999999999995,9.3605,9.65,0.9085958529406523,3.9329999999999994,6.977142857142858,0.12673863400456717,0.0,Sideways ➡️,"Cheaper than Consumer Defensive avg, Above sector profitability, Strong balance sheet, High relative dividend"
RCL,Industrials,30.0,3.045685,0.46628743,13.45,15.659,0.2996399999999999,34.5,22.1,39.99999999999999,1120327,2742772.7,12.0219785,11.66150025,3.25,100,63.70967741935484,70,90,100,70,100,83.12903225806451,22.1,23.205000000000002,33.464999999999996,34.5,0.40846512727795486,20.995,11.549999999999988,0.38478622987229283,0.0,Weak Trend ⚠️,"Cheaper than Industrials avg, Above sector profitability, Strong balance sheet, High relative dividend"
MOSHI,Consumer Cyclical,35.25,17.364532,4.2603335,3.41,26.533002,0.6253799999999999,45.0,30.25,45.16129032258065,246626,383172.6,16.517857,9.386,3.77,100,33.89830508474576,70,70,70,100,70,80.11016949152543,30.25,31.762500000000003,43.65,45.0,0.6436420558254948,28.737499999999997,23.82978723404255,1.28982725527831,0.0,Sideways ➡️,"Above sector profitability, Strong balance sheet"
BLA,Financial Services,20.0,4.901961,0.61873525,4.32,13.497,0.0,24.0,14.0,52.41889150781507,1051287,1577938.7,9.5351445,10.1055,6.609999999999999,100,60.0,30,90,100,70,70,79.5,14.0,14.700000000000001,23.28,24.0,0.6662407101112356,13.299999999999999,16.400000000000006,0.48955223880597026,0.0,Sideways ➡️,"Cheaper than Financial Services avg, Above sector profitability, Strong balance sheet"
COM7,Consumer Cyclical,21.7,12.690059,4.8448315,5.07,41.224998,1.09545,28.0,16.7,43.07692397981027,11646459,20343105.9,16.517857,9.386,3.77,70,44.24778761061947,70,90,70,100,100,79.07522123893806,16.7,17.535,27.16,28.0,0.5725015175780017,15.864999999999998,25.161290322580648,0.9357326478149101,0.0,Weak Trend ⚠️,"Cheaper than Consumer Cyclical avg, Above sector profitability, High relative dividend"
TQM,Financial Services,13.8,11.219512,2.8186276,7.97,22.702,0.48252,16.6,10.6,64.10257037261282,309258,656125.8,9.5351445,10.1055,6.609999999999999,100,53.333333333333336,30,70,100,100,100,78.66666666666667,10.6,11.13,16.102,16.6,0.4713394900794939,10.069999999999999,16.681159420289852,0.6171581769436992,0.0,Bullish 📈,"Above sector profitability, Strong balance sheet, High relative dividend"
PR9,Healthcare,16.3,15.523809,2.1814773,3.05,14.543,0.272,26.75,15.7,38.46154974760683,1536121,2587412.1,18.025,14.9225,4.470000000000001,100,5.429864253393678,70,70,70,70,70,78.45701357466064,15.7,16.485,25.947499999999998,26.75,0.5936901199464901,14.915,59.18711656441717,6.965703971119124,0.0,Bearish 📉,"Cheaper than Healthcare avg, Strong balance sheet, Within Entry Zone"
GFPT,Consumer Defensive,8.95,4.5897436,0.5210759,2.21,11.9160004,0.1924,11.0,8.25,22.222269317170344,1226928,1121282.8,10.0,16.869,5.26,100,25.45454545454543,100,70,100,30,30,77.95454545454545,8.25,8.6625,10.67,11.0,1.0942181579883326,7.8374999999999995,19.217877094972074,1.5460674157303378,0.0,Bearish 📉,"Cheaper than Consumer Defensive avg, Strong balance sheet, Technical entry point"
PRM,Energy,8.7,9.0625,1.8087318,5.68,19.307,0.76822,8.9,5.5,71.4285480733075,6715129,17388302.9,9.822017,7.115,5.85,100,94.1176470588235,0,90,100,100,100,77.58823529411765,5.5,5.775,8.633000000000001,8.9,0.3861865668328104,5.225,-0.7701149425287173,-0.019280575539567885,0.0,Bullish 📈,"Cheaper than Energy avg, Above sector profitability, Strong balance sheet"
TOP,Energy,45.75,7.0061255,0.5943411,4.37,8.1499994,0.69274,56.75,24.5,41.81818181818182,10265005,14419690.5,9.822017,7.115,5.85,100,65.89147286821705,70,90,100,30,70,76.91085271317829,24.5,25.725,55.0475,56.75,0.7118741556900962,23.275,20.3224043715847,0.4136818687430478,0.0,Weak Trend ⚠️,"Cheaper than Energy avg, Above sector profitability, Strong balance sheet"
BA,Industrials,13.2,7.8106503,2.0959034,10.45,24.582,1.93448,18.9,10.6,38.88887858684442,4752263,5717226.3,12.0219785,11.66150025,3.25,30,31.32530120481928,70,90,100,100,100,76.86746987951807,10.6,11.13,18.333,18.9,0.8312182779960975,10.069999999999999,38.88636363636363,1.639936102236421,0.0,Bearish 📉,"Cheaper than Industrials avg, Above sector profitability, High relative dividend"
AMATA,Real Estate,20.4,7.4452553,0.9970187,5.42,14.051,0.67062,21.3,12.4,61.36363242283477,10589169,14654906.9,8.3125,8.744000999999999,6.35,100,89.88764044943818,30,90,100,70,100,76.51123595505618,12.4,13.020000000000001,20.661,21.3,0.7225681522412127,11.78,1.279411764705896,0.03027842227378223,0.0,Bullish 📈,"Cheaper than Real Estate avg, Above sector profitability, Strong balance sheet"
KTB,Financial Services,32.25,9.347826,0.97097605,11.21,10.986,0.0,36.0,20.8,39.98342620857609,25977277,91854557.7,9.5351445,10.1055,6.609999999999999,100,75.32894736842105,70,90,100,30,100,75.96710526315789,20.8,21.840000000000003,34.92,36.0,0.2828087974125643,19.759999999999998,8.279069767441866,0.21377101681345087,0.0,Weak Trend ⚠️,"Cheaper than Financial Services avg, Above sector profitability, Strong balance sheet, High relative dividend"
RATCH,Utilities,28.75,10.052448,0.6691337,5.47,6.418,1.06801,32.5,24.0,28.57142857142857,3567728,2728242.8,13.9719445,6.29,5.175,70,55.88235294117647,100,90,100,30,100,74.91176470588235,24.0,25.200000000000003,31.525,32.5,1.3077017925237446,22.799999999999997,9.652173913043473,0.4663865546218483,0.0,Weak Trend ⚠️,"Cheaper than Utilities avg, Above sector profitability, Technical entry point, High relative dividend"
BDMS,Healthcare,18.3,18.3,2.7465105,4.32,15.302,0.15896,24.9,17.4,21.42860062261157,35901771,45257817.1,18.025,14.9225,4.470000000000001,100,12.000000000000028,100,70,30,70,70,74.8,17.4,18.27,24.153,24.9,0.7932722632351616,16.529999999999998,31.983606557377037,3.306779661016942,0.0,Bearish 📉,"Above sector profitability, Strong balance sheet, Technical entry point"
AAV,Industrials,1.08,6.0,1.0236968,0.0,18.738002,3.1719600000000003,1.45,0.95,33.33333333333333,122834645,64995394.5,12.0219785,11.66150025,3.25,0,26.00000000000002,100,90,100,100,30,74.4,0.95,0.9974999999999999,1.4064999999999999,1.45,1.8898976757499333,0.9025,30.23148148148146,1.8394366197183076,0.0,Bearish 📉,"Cheaper than Industrials avg, Above sector profitability, Technical entry point"
JAS,Communication Services,1.1,0.0,1.2702079,0.0,-5.144,0.28308,1.8,1.06,33.33333333333333,8730157,13779095.7,21.62834,11.833,2.3,100,5.405405405405411,100,50,100,30,30,73.95945945945945,1.06,1.1130000000000002,1.746,1.8,0.6335798219327268,1.007,58.72727272727272,6.94623655913977,0.0,Bearish 📉,"Cheaper than Communication Services avg, Strong balance sheet, Technical entry point, Within Entry Zone"
AWC,Consumer Cyclical,2.12,10.599999,0.70879304,3.81,6.813,0.94309,2.8,1.55,43.99997901915504,15033874,43241587.4,16.517857,9.386,3.77,100,45.600000000000016,70,70,100,30,70,72.94,1.55,1.6275000000000002,2.7159999999999997,2.8,0.34767164907549164,1.4725,28.113207547169793,0.9204633204633197,0.0,Weak Trend ⚠️,"Cheaper than Consumer Cyclical avg, Strong balance sheet, High relative dividend"
STGT,Basic Materials,9.95,0.0,0.741707,4.95,-0.287,0.12099,11.4,5.1,34.50211647196622,1967148,2926114.8,0.0,-1.178,3.98,100,76.98412698412696,100,70,100,30,70,72.8015873015873,5.1,5.3549999999999995,11.058,11.4,0.6722730085641206,4.845,11.135678391959805,0.2170421155729678,0.0,Weak Trend ⚠️,"Above sector profitability, Strong balance sheet, Technical entry point, High relative dividend"
AP,Real Estate,8.5,6.2043796,0.5801256,6.12,9.62,0.68035,9.7,5.6,50.0,6948002,7922440.2,8.3125,8.744000999999999,6.35,100,70.73170731707319,30,90,100,30,100,72.42682926829268,5.6,5.88,9.408999999999999,9.7,0.8770027699293962,5.319999999999999,10.69411764705881,0.2858490566037732,0.0,Sideways ➡️,"Cheaper than Real Estate avg, Above sector profitability, Strong balance sheet"
TCAP,Financial Services,55.0,7.503411,0.7163137,6.39,9.837,0.0,63.0,44.25,47.59239818045597,1002889,2251408.9,9.5351445,10.1055,6.609999999999999,100,57.333333333333336,70,70,100,30,100,71.76666666666667,44.25,46.4625,61.11,63.0,0.44544951385774484,42.0375,11.10909090909091,0.47135969141755063,0.0,Sideways ➡️,"Cheaper than Financial Services avg, Strong balance sheet"
GUNKUL,Utilities,2.54,12.095239,1.5478367,3.33,12.635,0.96109,2.58,1.31,58.06449752198832,105024088,36059498.8,13.9719445,6.29,5.175,100,96.8503937007874,30,90,70,70,70,71.31496062992126,1.31,1.3755000000000002,2.5026,2.58,2.912522123019636,1.2445,-1.472440944881885,-0.028869162485526727,0.0,Bullish 📈,"Cheaper than Utilities avg, Above sector profitability, Strong balance sheet, Volume Spike (2.9x)"
SAWAD,Financial Services,23.3,7.7152314,1.0336261,3.18,13.678999,1.57476,32.0,14.8,48.48484323044636,5965849,11793564.9,9.5351445,10.1055,6.609999999999999,30,49.418604651162795,70,90,100,70,70,70.55813953488372,14.8,15.540000000000001,31.04,32.0,0.5058562911711284,14.06,33.218884120171666,0.8376623376623374,0.0,Sideways ➡️,"Cheaper than Financial Services avg, Above sector profitability"
KTC,Financial Services,29.25,9.685431,1.6280752,6.05,17.980999999999998,1.1153,46.5,21.8,52.92029494800291,7470762,15626586.2,9.5351445,10.1055,6.609999999999999,70,30.161943319838052,30,70,100,70,100,70.4838056680162,21.8,22.89,45.105,46.5,0.4780802348244174,20.71,54.2051282051282,1.8565573770491801,0.0,Sideways ➡️,Above sector profitability
STECON,Industrials,11.6,8.923078,1.0593607,4.78,11.1590005,0.55033,13.6,5.25,36.73469546634696,17611888,23927328.8,12.0219785,11.66150025,3.25,100,76.04790419161677,70,70,100,30,70,69.89520958083833,5.25,5.5125,13.192,13.6,0.7360574240113255,4.9875,13.72413793103449,0.24075614366729686,0.0,Weak Trend ⚠️,"Cheaper than Industrials avg, Strong balance sheet, High relative dividend"
PTTEP,Energy,149.0,9.822017,1.1241549,5.85,11.359999,0.244,164.0,94.25,39.99999999999999,17561471,24465837.1,9.822017,7.115,5.85,100,78.49462365591397,70,70,100,30,100,69.65053763440861,94.25,98.9625,159.07999999999998,164.0,0.717795631852711,89.5375,6.765100671140929,0.16951860416228687,0.0,Weak Trend ⚠️,"Above sector profitability, Strong balance sheet"
OR,Energy,12.2,12.978724,1.2869198,5.04,10.147,0.20703,15.6,10.1,39.99998728433436,28892825,18349702.5,9.822017,7.115,5.85,100,38.18181818181818,70,70,70,30,100,69.18181818181819,10.1,10.605,15.132,15.6,1.5745663996459889,9.594999999999999,24.03278688524591,1.12552783109405,0.0,Bearish 📉,"Above sector profitability, Strong balance sheet"
CBG,Consumer Defensive,36.0,15.5172415,2.5526485,3.31,16.869,0.17888,64.5,32.75,23.80952380952381,2087428,2063292.8,10.0,16.869,5.26,100,10.236220472440944,100,30,70,70,70,68.97637795275591,32.75,34.3875,62.565,64.5,1.0116974188055132,31.112499999999997,73.79166666666666,5.4352941176470555,0.0,Bearish 📉,"Strong balance sheet, Technical entry point"
BH,Healthcare,171.0,19.768787,4.4047194,2.94,24.379,0.314,214.0,130.0,55.07246376811594,2702314,5295141.4,18.025,14.9225,4.470000000000001,100,48.80952380952381,30,70,30,100,30,68.61904761904762,130.0,136.5,207.57999999999998,214.0,0.5103384019168968,123.5,21.391812865497066,0.7701052631578944,0.0,Weak Trend ⚠️,"Above sector profitability, Strong balance sheet"
MTC,Financial Services,29.75,9.384858,1.4694986,97.0,16.835,3.38889,46.5,26.75,48.64864864864865,10407457,8979945.7,9.5351445,10.1055,6.609999999999999,0,15.18987341772152,70,90,100,70,100,67.98101265822785,26.75,28.087500000000002,45.105,46.5,1.1589665848424897,25.412499999999998,51.61344537815125,3.5400576368876058,0.0,Sideways ➡️,"Cheaper than Financial Services avg, Above sector profitability, High relative dividend"
BBL,Financial Services,160.5,6.6569886,0.5301246,10.41,7.818,0.0,181.0,135.0,50.116632111764126,8194863,10906946.3,9.5351445,10.1055,6.609999999999999,100,55.434782608695656,30,70,100,30,100,67.95652173913044,135.0,141.75,175.57,181.0,0.751343480988808,128.25,9.389408099688469,0.4672868217054261,0.0,Sideways ➡️,"Cheaper than Financial Services avg, Strong balance sheet, High relative dividend"
SPALI,Real Estate,16.7,7.9904313,0.5863558,8.38,7.455,0.69339,19.0,13.2,60.000025431282765,5329696,3567799.6,8.3125,8.744000999999999,6.35,100,60.34482758620688,30,70,100,30,100,67.4655172413793,13.2,13.86,18.43,19.0,1.4938327814151893,12.54,10.359281437125752,0.4158653846153847,0.0,Bullish 📈,"Cheaper than Real Estate avg, Strong balance sheet, High relative dividend"
SORKON,Consumer Defensive,3.86,8.976744,0.91904765,6.41,8.8240005,1.01229,4.48,3.44,44.44442236867289,118112,86731.2,10.0,16.869,5.26,70,40.38461538461536,70,70,100,30,100,67.46153846153847,3.44,3.612,4.3456,4.48,1.3618167395354843,3.268,12.580310880829023,0.8202702702702706,0.0,Weak Trend ⚠️,"Cheaper than Consumer Defensive avg, High relative dividend"
TLI,Financial Services,10.5,10.096154,0.778066,5.71,8.491999999999999,0.0,12.7,9.0,40.00001907346814,8550859,9209355.9,9.5351445,10.1055,6.609999999999999,100,40.54054054054055,70,50,100,30,100,67.44594594594594,9.0,9.450000000000001,12.318999999999999,12.7,0.9284969647008646,8.549999999999999,17.323809523809512,0.9328205128205118,0.0,Weak Trend ⚠️,Strong balance sheet
ICHI,Consumer Defensive,12.4,12.156862,2.8518858,8.94,23.366,1.549,15.2,9.4,29.999985694878436,7578429,4677272.9,10.0,16.869,5.26,30,51.7241379310345,100,70,70,100,100,67.32758620689656,9.4,9.870000000000001,14.744,15.2,1.620266587395403,8.93,18.90322580645161,0.6755043227665704,0.0,Weak Trend ⚠️,"Above sector profitability, Technical entry point, High relative dividend"
GULF,Utilities,57.0,33.333332,2.5369413,1.88,35.041,0.99499,64.25,37.75,34.78260869565217,20284126,28958452.6,13.9719445,6.29,5.175,100,72.64150943396226,100,50,30,100,30,67.23584905660377,37.75,39.6375,62.3225,64.25,0.7004561424666731,35.8625,9.33771929824561,0.2518036664695445,0.0,Weak Trend ⚠️,"Above sector profitability, Strong balance sheet, Technical entry point"
AURA,Consumer Cyclical,14.6,13.394495,2.6564777,3.94,21.260999,1.94681,17.7,12.1,58.13954519929136,4952254,2780885.4,16.517857,9.386,3.77,30,44.642857142857146,30,90,70,100,70,67.03571428571428,12.1,12.705,17.169,17.7,1.7808191592505036,11.495,17.595890410958912,0.8273752012882449,0.0,Weak Trend ⚠️,"Cheaper than Consumer Cyclical avg, Above sector profitability, High relative dividend"
QH,Real Estate,1.33,8.3125,0.47113,9.86,5.804,0.29902,1.55,1.15,49.57162688546329,21399694,15018959.4,8.3125,8.744000999999999,6.35,100,45.00000000000002,70,50,100,30,100,67.0,1.15,1.2075,1.5035,1.55,1.4248453191770396,1.0924999999999998,13.045112781954884,0.7305263157894728,0.0,Sideways ➡️,"Strong balance sheet, High relative dividend"
TU,Consumer Defensive,11.2,9.655172,0.9658503,6.25,10.416,1.49423,14.1,8.6,42.85712339442292,3439845,9349194.5,10.0,16.869,5.26,70,47.272727272727266,70,70,100,30,100,66.77272727272728,8.6,9.03,13.677,14.1,0.3679295579956113,8.17,22.11607142857143,0.8174917491749177,0.0,Weak Trend ⚠️,"Cheaper than Consumer Defensive avg, High relative dividend"
DMT,Industrials,11.1,12.197803,1.5416667,7.93,12.638,0.471,11.4,9.7,50.0,614684,626498.4,12.0219785,11.66150025,3.25,100,82.35294117647057,30,70,70,70,100,66.76470588235294,9.7,10.185,11.058,11.4,0.9811421705147212,9.214999999999998,-0.37837837837837673,-0.0222811671087532,0.0,Sideways ➡️,"Above sector profitability, Strong balance sheet, High relative dividend"
SCB,Financial Services,131.5,9.326241,0.8939315,8.71,0.0,0.0,149.5,115.0,35.343173728984226,21493897,26681099.7,9.5351445,10.1055,6.609999999999999,100,47.82608695652174,70,50,100,30,100,66.71739130434783,115.0,120.75,145.015,149.5,0.8055851236146763,109.25,10.277566539923944,0.6074157303370781,0.0,Weak Trend ⚠️,"Cheaper than Financial Services avg, Strong balance sheet, High relative dividend"
KBANK,Financial Services,190.5,9.234125,0.7766665,6.32,8.5310005,0.0,208.0,147.0,68.19720821965431,11718366,26731206.6,9.5351445,10.1055,6.609999999999999,100,71.31147540983606,30,70,100,30,100,66.3688524590164,147.0,154.35,201.76,208.0,0.4383777423649855,139.65,5.9107611548556385,0.22143559488692216,0.0,Bullish 📈,"Cheaper than Financial Services avg, Strong balance sheet"
CPN,Real Estate,62.0,14.761906,2.5323694,3.86,16.740999000000002,0.97834,70.5,41.0,43.75,3567240,6254614.0,8.3125,8.744000999999999,6.35,100,71.1864406779661,70,50,70,70,70,65.88135593220339,41.0,43.050000000000004,68.385,70.5,0.5703373541516711,38.949999999999996,10.298387096774201,0.2770065075921911,0.0,Weak Trend ⚠️,"Above sector profitability, Strong balance sheet"
CPF,Consumer Defensive,19.0,6.0897436,0.75465703,2.6,10.5100006,2.05188,26.5,18.1,14.81480696564016,33392183,30947568.3,10.0,16.869,5.26,30,10.7142857142857,100,70,100,30,30,65.42857142857143,18.1,19.005000000000003,25.705,26.5,1.0789921416862984,17.195,35.28947368421051,3.714681440443213,0.0,Bearish 📉,"Cheaper than Consumer Defensive avg, Technical entry point, Within Entry Zone"
EA,Utilities,2.68,0.0,0.59834784,0.0,-20.472,1.4452699999999998,3.88,2.04,34.48277137792802,167516870,41391247.0,13.9719445,6.29,5.175,70,34.782608695652186,100,50,100,30,30,65.02173913043478,2.04,2.1420000000000003,3.7636,3.88,4.047156878361263,1.938,40.432835820895505,1.4603773584905653,0.0,Bearish 📉,"Cheaper than Utilities avg, Technical entry point, Volume Spike (4.0x)"
TTB,Financial Services,2.18,9.909091,0.87726367,5.98,8.541001,0.0,2.4,1.76,43.33555413975628,208991265,293516436.5,9.5351445,10.1055,6.609999999999999,100,65.62500000000003,70,50,100,30,100,64.9375,1.76,1.848,2.328,2.4,0.7120257641857818,1.672,6.7889908256880585,0.2913385826771646,0.0,Weak Trend ⚠️,Strong balance sheet
SJWD,Industrials,7.7,11.846154,0.5990353,8.83,5.2849997,0.65056,10.8,6.4,50.0,1555261,2562396.1,12.0219785,11.66150025,3.25,100,29.54545454545454,30,50,100,30,100,64.54545454545455,6.4,6.720000000000001,10.476,10.8,0.6069557317855736,6.08,36.05194805194806,1.7135802469135806,0.0,Sideways ➡️,"Cheaper than Industrials avg, Strong balance sheet, High relative dividend"
JMART,Consumer Cyclical,6.9,0.0,0.56138635,3.77,0.283,0.6588299999999999,10.9,5.2,53.33333474618388,5367469,7648516.9,16.517857,9.386,3.77,100,29.824561403508774,30,50,100,30,70,64.51754385964912,5.2,5.460000000000001,10.573,10.9,0.7017659855075956,4.9399999999999995,53.231884057971016,1.873979591836734,0.0,Sideways ➡️,"Cheaper than Consumer Cyclical avg, Strong balance sheet"
EGCO,Utilities,110.5,12.305123,0.5829535,5.91,4.617,1.08933,143.0,99.25,35.294117647058826,219855,565195.5,13.9719445,6.29,5.175,70,25.71428571428571,70,70,70,30,100,64.42857142857143,99.25,104.2125,138.71,143.0,0.3889892966239116,94.2875,25.52941176470589,1.7400154202004625,0.0,Bearish 📉,"Cheaper than Utilities avg, High relative dividend"
CK,Industrials,16.5,8.333333,0.98501587,3.03,12.164,1.66538,18.4,10.2,54.28570338657924,7276852,9885675.2,12.0219785,11.66150025,3.25,30,76.82926829268294,30,90,100,70,70,63.8170731707317,10.2,10.709999999999999,17.848,18.4,0.7361006560280273,9.69,8.169696969696963,0.19794419970631408,0.0,Sideways ➡️,"Cheaper than Industrials avg, Above sector profitability"
KKP,Financial Services,82.25,11.471409,1.0309343,6.95,10.374,0.0,83.5,43.5,69.23076923076923,7064710,6601031.0,9.5351445,10.1055,6.609999999999999,100,96.875,30,70,100,30,100,63.8125,43.5,45.675000000000004,80.995,83.5,1.070243421065588,41.324999999999996,-1.5258358662613927,-0.030665852168600984,0.0,Bullish 📈,"Above sector profitability, Strong balance sheet, High relative dividend"
AEONTS,Financial Services,92.75,7.455788,0.84411806,6.31,11.3450006,2.04418,122.5,86.5,59.07890365322504,552061,499396.1,9.5351445,10.1055,6.609999999999999,30,17.36111111111111,30,90,100,30,100,63.763888888888886,86.5,90.825,118.825,122.5,1.1054571711713408,82.175,28.113207547169814,2.4657210401891247,0.0,Weak Trend ⚠️,"Cheaper than Financial Services avg, Above sector profitability"
ERW,Consumer Cyclical,2.44,14.3529415,1.3297002,2.85,9.386,1.49369,3.32,1.79,44.82759045930935,12995361,27062966.1,16.517857,9.386,3.77,70,42.48366013071895,70,70,70,30,30,62.751633986928105,1.79,1.8795000000000002,3.2203999999999997,3.32,0.48018982664283794,1.7005,31.983606557377044,1.055307640297498,0.0,Weak Trend ⚠️,Cheaper than Consumer Cyclical avg
TIDLOR,Financial Services,17.5,10.294117,1.46923,1.95,15.274,2.16375,22.5,13.4,69.99999237060838,24679239,33982523.9,9.5351445,10.1055,6.609999999999999,30,45.05494505494505,30,70,100,70,30,60.994505494505496,13.4,14.07,21.825,22.5,0.7262332566181172,12.73,24.71428571428571,0.9067085953878407,0.0,Weak Trend ⚠️,Above sector profitability
ADVANC,Communication Services,348.0,21.62834,9.657278,4.82,46.813,1.7922900000000002,410.0,267.0,28.205128205128204,4193961,7147376.1,21.62834,11.833,2.3,30,56.64335664335665,100,70,30,100,70,60.83566433566433,267.0,280.35,397.7,410.0,0.5867833091923063,253.64999999999998,14.281609195402295,0.5267620561738207,0.0,Weak Trend ⚠️,"Above sector profitability, Technical entry point, High relative dividend"
PTT,Energy,35.25,11.190475,0.88558936,6.04,7.115,0.59656,38.0,29.5,54.16666666666666,59950089,59050288.9,9.822017,7.115,5.85,100,67.64705882352942,30,50,100,30,100,60.73529411764706,29.5,30.975,36.86,38.0,1.0152378610970691,28.025,4.567375886524821,0.22283737024221442,0.0,Sideways ➡️,"Strong balance sheet, High relative dividend"
ACE,Utilities,1.28,16.0,0.7605466,78.0,4.867,0.4997,1.35,1.25,50.0,344392,554089.2,13.9719445,6.29,5.175,100,30.0,30,50,70,30,100,60.0,1.25,1.3125,1.3095,1.35,0.621546133727205,1.1875,2.304687500000006,0.3189189189189197,0.0,Sideways ➡️,"Strong balance sheet, High relative dividend, Within Entry Zone"
CCET,Technology,6.3,31.5,2.6559865,3.1,7.944,0.84985,7.3,4.14,73.09236909337179,163300788,74949078.8,43.092106,6.358,3.31,100,68.35443037974683,0,90,30,30,70,59.164556962025316,4.14,4.3469999999999995,7.0809999999999995,7.3,2.1788231505255005,3.9329999999999994,12.396825396825392,0.3299535276721587,0.0,Bullish 📈,"Cheaper than Technology avg, Above sector profitability, Strong balance sheet, Volume Spike (2.2x)"
M,Consumer Cyclical,18.9,20.32258,1.3226959,5.29,6.178999999999999,0.21287,35.25,13.8,45.71427170111972,558242,1560804.2,16.517857,9.386,3.77,100,23.776223776223766,70,50,30,30,100,58.62237762237763,13.8,14.490000000000002,34.1925,35.25,0.35766305600664067,13.11,80.91269841269843,2.6411917098445605,0.0,Sideways ➡️,"Strong balance sheet, High relative dividend"
MEGA,Healthcare,35.5,16.210045,3.0300446,4.81,19.032,6.691,40.0,24.3,56.41025641025641,1287833,691003.3,18.025,14.9225,4.470000000000001,0,71.3375796178344,30,90,70,100,70,58.36624203821656,24.3,25.515,38.8,40.0,1.8637146884826743,23.085,9.295774647887315,0.2658074909383808,0.0,Bullish 📈,"Cheaper than Healthcare avg, Above sector profitability, High relative dividend"
CPALL,Consumer Defensive,44.25,14.274194,3.0761209,3.69,9.79,1.33418,54.5,40.5,35.71428571428572,25723048,28693754.8,10.0,16.869,5.26,70,26.785714285714285,70,50,70,30,70,58.32142857142857,40.5,42.525,52.865,54.5,0.8964685235269383,38.475,19.468926553672322,1.4917748917748925,0.0,Bearish 📉,Balanced performance
GPSC,Utilities,35.5,15.638766,0.9587598,5.35,6.162,0.98943,45.0,26.5,51.35135135135135,16849511,7956061.1,13.9719445,6.29,5.175,100,48.64864864864865,30,50,70,30,100,58.13513513513514,26.5,27.825000000000003,43.65,45.0,2.1178207140716907,25.174999999999997,22.957746478873236,0.7893462469733653,0.0,Sideways ➡️,"Strong balance sheet, High relative dividend, Volume Spike (2.1x)"
STA,Basic Materials,16.4,0.0,0.52249265,3.01,-2.069,0.63108,18.5,10.3,36.996917241584505,3242232,6621653.2,0.0,-1.178,3.98,100,74.390243902439,70,30,100,30,70,58.0609756097561,10.3,10.815000000000001,17.945,18.5,0.48964086491270786,9.785,9.420731707317085,0.23356009070294817,0.0,Weak Trend ⚠️,Strong balance sheet
TASCO,Basic Materials,13.5,18.75,1.5547622,7.41,7.521,0.26574,15.9,12.4,41.66667328940603,934486,1576518.6,0.0,-1.178,3.98,100,31.428571428571416,70,50,30,30,100,57.85714285714286,12.4,13.020000000000001,15.423,15.9,0.5927529177264385,11.78,14.244444444444445,1.1180232558139531,0.0,Bearish 📉,"Above sector profitability, Strong balance sheet, High relative dividend"
SIRI,Real Estate,1.39,5.7916665,0.5444575,11.35,8.744000999999999,1.51517,1.6,1.11,45.45454545454546,26272922,27773772.2,8.3125,8.744000999999999,6.35,30,57.1428571428571,70,70,100,30,100,57.78571428571429,1.11,1.1655000000000002,1.552,1.6,0.9459616004195498,1.0545,11.654676258992817,0.48286140089418833,0.0,Sideways ➡️,"Cheaper than Real Estate avg, High relative dividend"
PLANB,Communication Services,4.5,18.0,1.768868,4.75,11.833,0.27684,5.85,3.0,69.48633736711804,21739924,21637902.4,21.62834,11.833,2.3,100,52.63157894736843,30,70,30,30,70,57.73684210526316,3.0,3.1500000000000004,5.674499999999999,5.85,1.004714948709631,2.8499999999999996,26.099999999999984,0.7118181818181812,0.0,Bullish 📈,"Cheaper than Communication Services avg, Strong balance sheet, High relative dividend"
CPAXT,Consumer Defensive,14.4,16.0,0.50142765,8.44,3.1140001,0.57284,26.0,13.9,30.73521214397705,18855780,16364538.0,10.0,16.869,5.26,100,4.132231404958678,100,10,70,30,100,57.586776859504134,13.9,14.595,25.22,26.0,1.1522341785634278,13.205,75.13888888888887,9.054393305439326,0.0,Bearish 📉,"Strong balance sheet, Technical entry point, High relative dividend, Within Entry Zone"
BTS,Industrials,2.08,0.0,0.58410555,0.0,-1.854,1.93565,5.1,1.98,40.909098298075484,31008898,33007749.8,12.0219785,11.66150025,3.25,30,3.2051282051282084,70,50,100,30,30,57.17948717948718,1.98,2.079,4.946999999999999,5.1,0.9394429546966573,1.881,137.8365384615384,14.407035175879388,0.0,Bearish 📉,Cheaper than Industrials avg
IRPC,Energy,1.79,0.0,0.55452293,60.0,-5.29,1.03442,2.0,0.7,46.87499476131235,326018655,178978985.5,9.822017,7.115,5.85,70,83.84615384615385,70,50,100,30,100,57.11538461538461,0.7,0.735,1.94,2.0,1.8215471167703092,0.6649999999999999,8.379888268156419,0.13333333333333325,0.0,Sideways ➡️,"Cheaper than Energy avg, High relative dividend"
TOA,Basic Materials,12.8,8.533334,1.7114588,6.14,19.936001,7.631,16.4,9.35,41.17647388814309,841979,1400017.9,0.0,-1.178,3.98,0,48.93617021276598,70,50,100,100,100,57.1063829787234,9.35,9.8175,15.907999999999998,16.4,0.6014058820247942,8.882499999999999,24.281249999999975,0.7933631142310135,0.0,Weak Trend ⚠️,"Above sector profitability, High relative dividend"
BJC,Industrials,14.5,14.5,0.48296306,3.47,3.887,1.26383,24.4,12.8,34.99999046325685,1705870,3432717.0,12.0219785,11.66150025,3.25,70,14.6551724137931,100,30,70,30,70,56.53448275862069,12.8,13.440000000000001,23.668,24.4,0.49694454858935355,12.16,63.22758620689655,3.917948717948718,0.0,Bearish 📉,"Technical entry point, High relative dividend"
MINT,Consumer Cyclical,21.6,16.744186,2.0993295,3.24,10.034,1.91425,27.5,19.6,40.00000953674317,7527949,15550274.9,16.517857,9.386,3.77,30,25.31645569620254,70,70,70,30,70,56.46835443037975,19.6,20.580000000000002,26.675,27.5,0.4841039176741499,18.62,23.495370370370367,1.7030201342281874,0.0,Bearish 📉,Above sector profitability
OSP,Consumer Defensive,15.7,12.868852,2.7950861,5.26,23.268999,3.553,19.5,13.6,61.90477055487537,12384432,5344383.2,10.0,16.869,5.26,0,35.593220338983045,30,70,70,100,100,55.940677966101696,13.6,14.28,18.915,19.5,2.317279943548958,12.92,20.477707006369428,1.156474820143885,0.0,Weak Trend ⚠️,"Above sector profitability, Volume Spike (2.3x)"
SPRC,Energy,7.15,12.118645,0.81770355,8.33,6.673,0.14714,8.2,4.28,53.84615948919735,14215013,25905011.3,9.822017,7.115,5.85,100,73.21428571428574,30,50,70,30,100,55.67857142857143,4.28,4.494000000000001,7.953999999999999,8.2,0.5487360277661797,4.066,11.244755244755224,0.26070038910505783,0.0,Sideways ➡️,"Strong balance sheet, High relative dividend"
AOT,Industrials,54.0,43.90244,5.6926,1.49,13.235,0.32854,59.0,26.75,51.61290322580645,15854237,21506103.7,12.0219785,11.66150025,3.25,100,84.49612403100775,30,50,30,70,30,54.55038759689923,26.75,28.087500000000002,57.23,59.0,0.7371970869832642,25.412499999999998,5.981481481481476,0.11298644512461728,0.0,Sideways ➡️,"Above sector profitability, Strong balance sheet"
JMT,Financial Services,9.3,13.098592,0.50048435,9.1,3.66,0.33013,14.3,7.35,58.33333333333333,16738750,14551025.0,9.5351445,10.1055,6.609999999999999,100,28.057553956834543,30,30,70,30,100,54.194244604316545,7.35,7.7175,13.871,14.3,1.1503485149671586,6.982499999999999,49.1505376344086,1.9723840345199553,0.0,Weak Trend ⚠️,"Strong balance sheet, High relative dividend"
WHA,Real Estate,4.42,13.0,1.7901984,4.81,13.994999,1.22675,4.6,2.8,58.13952585759981,47648583,86914098.3,8.3125,8.744000999999999,6.35,70,90.00000000000001,30,50,70,70,70,54.0,2.8,2.94,4.462,4.6,0.548226167353565,2.6599999999999997,0.9502262443438871,0.023863636363636257,0.0,Bullish 📈,Above sector profitability
PTG,Consumer Cyclical,8.35,13.688525,1.3916668,4.24,10.5399996,2.84002,10.2,5.45,48.57145036969866,2994313,3833841.3,16.517857,9.386,3.77,0,61.05263157894737,70,90,70,30,70,52.89473684210526,5.45,5.7225,9.893999999999998,10.2,0.7810216348809222,5.1775,18.49101796407184,0.4866824271079587,0.0,Sideways ➡️,"Cheaper than Consumer Cyclical avg, Above sector profitability, High relative dividend"
CRC,Consumer Cyclical,18.5,16.517857,1.7042838,2.85,10.017,1.54054,25.25,15.8,58.02165144864976,5253650,11035415.0,16.517857,9.386,3.77,30,28.571428571428566,30,70,70,30,30,52.14285714285714,15.8,16.59,24.4925,25.25,0.4760718106206246,15.01,32.39189189189189,1.717048710601719,0.0,Weak Trend ⚠️,Above sector profitability
PTTGC,Basic Materials,36.75,0.0,0.57149523,1.38,-5.519,0.60892,37.75,16.6,55.88235294117647,16582097,27103539.7,0.0,-1.178,3.98,100,95.27186761229315,30,30,100,30,30,51.972813238770684,16.6,17.430000000000003,36.6175,37.75,0.6118055864120213,15.770000000000001,-0.36054421768707556,-0.006315538608198299,0.0,Bullish 📈,Strong balance sheet
CHG,Healthcare,1.42,17.75,1.9971869,5.0,11.84,7.065,1.94,1.36,42.10523674031503,3199432,10510333.2,18.025,14.9225,4.470000000000001,0,10.34482758620687,70,70,70,30,70,51.96551724137932,1.36,1.4280000000000002,1.8818,1.94,0.30440823702906017,1.292,32.52112676056338,3.6078125000000028,0.0,Bearish 📉,"Cheaper than Healthcare avg, High relative dividend, Within Entry Zone"
BANPU,Energy,5.5,0.0,0.48685247,6.49,0.64,1.5324700000000002,6.5,4.0,39.82405355252289,19247494,46738549.4,9.822017,7.115,5.85,30,60.0,70,50,100,30,100,51.5,4.0,4.2,6.305,6.5,0.41181196778862805,3.8,14.636363636363631,0.47352941176470564,0.0,Weak Trend ⚠️,"Cheaper than Energy avg, High relative dividend"
LPN,Real Estate,1.56,78.0,0.18831481,6.37,0.31299999,0.8566400000000001,2.08,1.46,25.000074505210904,466002,347350.2,8.3125,8.744000999999999,6.35,100,16.129032258064527,100,10,30,30,100,50.38709677419355,1.46,1.533,2.0176,2.08,1.3415912816517739,1.387,29.333333333333318,2.6450867052023104,0.0,Bearish 📉,"Strong balance sheet, Technical entry point, High relative dividend"
CENTEL,Consumer Cyclical,31.25,21.114864,1.882757,2.16,9.017,1.40611,40.5,19.4,37.5,6078960,6342326.0,16.517857,9.386,3.77,70,56.1611374407583,70,50,30,30,30,49.38388625592417,19.4,20.37,39.285,40.5,0.9584748560701547,18.429999999999996,25.71199999999999,0.6267550702028076,0.0,Weak Trend ⚠️,Balanced performance
JTS,Communication Services,45.75,4575.0,36.746986,0.0,0.756,0.93287,93.5,23.0,27.160493827160494,285757,503745.7,21.62834,11.833,2.3,100,32.269503546099294,100,10,30,30,30,48.773049645390074,23.0,24.150000000000002,90.695,93.5,0.5672643955074952,21.849999999999998,98.24043715846993,1.880543933054393,0.0,Bearish 📉,"Strong balance sheet, Technical entry point"
SCGP,Consumer Cyclical,21.1,22.210527,1.2174716,2.87,4.987,0.69804,22.1,13.1,50.0,9310434,14165663.4,16.517857,9.386,3.77,100,88.8888888888889,30,50,30,30,30,48.111111111111114,13.1,13.755,21.437,22.1,0.6572536518127348,12.444999999999999,1.597156398104264,0.03893703061813976,0.0,Sideways ➡️,Strong balance sheet
TISCO,Financial Services,114.5,13.76202,2.113599,6.83,0.0,0.0,116.5,96.0,58.33333333333333,6223005,5199660.5,9.5351445,10.1055,6.609999999999999,100,90.2439024390244,30,30,70,30,100,47.97560975609756,96.0,100.80000000000001,113.005,116.5,1.1968098686443085,91.19999999999999,-1.3056768558952003,-0.06416309012875553,0.0,Bullish 📈,"Strong balance sheet, High relative dividend"
GLOBAL,Consumer Cyclical,6.75,19.285715,1.4805878,2.79,7.651,0.43398,8.4375,4.011428,76.47058658533882,9062389,11153228.9,16.517857,9.386,3.77,100,61.8736432665352,0,50,30,30,30,47.81263567334648,4.011428,4.211999400000001,8.184375,8.4375,0.8125350139635348,3.8108566,21.24999999999999,0.48802484424543535,0.0,Bullish 📈,Strong balance sheet
KCE,Technology,31.5,45.0,2.8345182,4.1,6.358,0.1114,31.75,14.6,86.80000305175781,45901006,40487580.6,43.092106,6.358,3.31,100,98.54227405247813,0,50,30,30,70,44.14577259475219,14.6,15.33,30.7975,31.75,1.1337058258304522,13.87,-2.230158730158732,-0.039846851956891687,0.0,Bullish 📈,"Strong balance sheet, High relative dividend"
DELTA,Industrials,310.0,155.0,39.979366,21.0,28.091,1.515,319.0,82.75,66.3716814159292,13718404,13604060.4,12.0219785,11.66150025,3.25,30,96.19047619047619,30,50,30,100,100,43.88095238095238,82.75,86.8875,309.43,319.0,1.0084051082278347,78.6125,-0.1838709677419333,-0.002463400140456996,0.0,Bullish 📈,"Above sector profitability, High relative dividend"
TRUE,Communication Services,13.5,49.999996,6.1784897,2.3,12.203,5.77067,14.9,10.1,24.999976158119352,122548201,124050910.1,21.62834,11.833,2.3,0,70.83333333333333,100,50,30,70,30,42.91666666666667,10.1,10.605,14.453,14.9,0.9878863516697408,9.594999999999999,7.059259259259256,0.24404609475031988,0.0,Weak Trend ⚠️,"Above sector profitability, Technical entry point"
IVL,Basic Materials,24.7,0.0,1.3512775,2.93,-5.156000000000001,2.04844,26.25,14.6,46.357622418890976,26813841,27554254.1,0.0,-1.178,3.98,30,86.69527896995707,70,30,100,30,30,42.8304721030043,14.6,15.33,25.4625,26.25,0.9731289006295402,13.87,3.0870445344129527,0.07040627885503226,0.0,Sideways ➡️,Balanced performance
LH,Real Estate,3.78,12.193548,0.9509434,6.35,0.0,1.51037,4.5,3.18,46.15384615384615,19454025,18771122.5,8.3125,8.744000999999999,6.35,30,45.45454545454543,70,30,70,30,100,42.45454545454545,3.18,3.3390000000000004,4.365,4.5,1.0363804828400647,3.021,15.476190476190489,0.7707509881422931,0.0,Sideways ➡️,Balanced performance
BAM,Financial Services,7.15,12.767858,0.51453656,6.99,4.066,1.96118,8.6,5.75,42.85714285714285,9622363,11523266.3,9.5351445,10.1055,6.609999999999999,30,49.12280701754388,70,30,70,30,100,42.08771929824562,5.75,6.0375000000000005,8.341999999999999,8.6,0.8350378052097953,5.4624999999999995,16.67132867132865,0.7063703703703691,0.0,Weak Trend ⚠️,High relative dividend
DOHOME,Consumer Cyclical,3.48,20.470589,0.91314614,13.0,4.583,1.28339,5.45,2.26,58.62068965517242,7222863,11363166.3,16.517857,9.386,3.77,70,38.24451410658307,30,30,30,30,100,41.175548589341695,2.26,2.3729999999999998,5.2865,5.45,0.6356382375570795,2.147,51.91091954022989,1.3552138034508627,0.0,Weak Trend ⚠️,High relative dividend
BCPG,Utilities,7.15,24.655174,0.76039565,5.0,2.8770002,0.95369,9.6,5.25,63.3333407508026,21235115,10165211.5,13.9719445,6.29,5.175,100,43.67816091954025,30,10,30,30,70,40.632183908045974,5.25,5.5125,9.312,9.6,2.088998836866306,4.9875,30.237762237762222,0.9997687861271669,0.0,Weak Trend ⚠️,"Strong balance sheet, Volume Spike (2.1x)"
BCH,Healthcare,9.75,18.396227,1.844146,4.62,10.099,6.13,16.0,9.2,47.82607613978725,3901191,6362019.1,18.025,14.9225,4.470000000000001,0,8.088235294117657,70,50,30,30,70,40.19117647058823,9.2,9.66,15.52,16.0,0.6132001395594678,8.739999999999998,59.179487179487175,5.712871287128704,0.0,Sideways ➡️,High relative dividend
HANA,Technology,32.75,43.092106,1.1016921,3.31,2.5109999000000003,0.54,33.75,15.1,86.48648648648648,57748499,36148329.9,43.092106,6.358,3.31,100,94.63806970509383,0,30,30,30,70,38.53619302949062,15.1,15.855,32.7375,33.75,1.5975426571505313,14.344999999999999,-0.03816793893130639,-0.0006791632708504668,0.0,Bullish 📈,Strong balance sheet
BGRIM,Utilities,12.8,44.13793,1.9033458,3.32,6.436999999999999,2.4568600000000003,16.6,9.0,59.37500931322908,35619074,17145587.4,13.9719445,6.29,5.175,30,50.0,30,50,30,30,70,38.0,9.0,9.450000000000001,16.102,16.6,2.077448451838985,8.549999999999999,25.796874999999996,0.7769411764705878,0.0,Weak Trend ⚠️,"Above sector profitability, Volume Spike (2.1x)"
VGI,Industrials,0.87,inf,0.5040556,1.51,0.153,2.201,2.34,0.77,34.61539078746202,46646365,93948996.5,12.0219785,11.66150025,3.25,30,6.369426751592355,100,10,30,30,30,37.36305732484077,0.77,0.8085000000000001,2.2697999999999996,2.34,0.4965073256530207,0.7314999999999999,160.89655172413788,10.106859205776164,0.0,Bearish 📉,Technical entry point
BCP,Energy,35.5,17.067308,0.78102654,2.98,2.866,1.59067,40.75,24.2,28.205128205128204,3913244,4304274.4,9.822017,7.115,5.85,30,68.27794561933534,100,10,70,30,30,37.17220543806647,24.2,25.41,39.527499999999996,40.75,0.909153003814069,22.99,11.345070422535201,0.32194244604316513,0.0,Weak Trend ⚠️,Technical entry point
SCC,Industrials,224.0,19.080069,0.79596615,2.28,2.5860000000000003,0.8383799999999999,235.0,149.0,61.11111111111111,3908923,8299352.3,12.0219785,11.66150025,3.25,100,87.20930232558139,30,10,30,30,30,36.27906976744186,149.0,156.45000000000002,227.95,235.0,0.4709913326609837,141.54999999999998,1.7633928571428519,0.04790782292298348,0.0,Bullish 📈,Strong balance sheet
BEM,Industrials,5.3,21.2,2.145749,2.83,10.2790006,3.03834,6.3,4.56,50.0,8555511,21538611.1,12.0219785,11.66150025,3.25,0,42.52873563218392,30,30,30,30,30,26.74712643678161,4.56,4.787999999999999,6.111,6.3,0.3972173953222081,4.332,15.301886792452828,0.8378099173553719,0.0,Sideways ➡️,Balanced performance
